/data_file_name=/CTD002_D20240124T171601,csv;;;;;;;;
/tare_pressure=10,390;;;;;;;;
/tare_pressure_sd=0,002;;;;;;;;
/tare_pressure_n=10;;;;;;;;
datetime;conductivity;temperature1;temperature 1 corrigé;pressure;temperature2;temperature 2 corrigé ;voltage;Remarques
2024-01-24T17:16:03;0;28,03;28,07;-0,007;29,3;29,78;4,044;
2024-01-24T17:16:03;0;28,09;28,13;-0,005;29,3;29,78;4,018;
2024-01-24T17:16:04;0;28,1;28,14;0,003;29,3;29,78;4,018;
2024-01-24T17:16:05;0;28,05;28,09;-0,004;29,3;29,78;4,018;
2024-01-24T17:16:05;0;28,15;28,19;-0,001;29,3;29,78;4,018;
2024-01-24T17:16:06;0;28,16;28,2;-0,001;29,3;29,78;4,018;
2024-01-24T17:16:07;0;28,16;28,2;-0,003;29,3;29,78;4,018;
2024-01-24T17:16:08;0;28,08;28,12;-0,003;29,3;29,78;4,016;
2024-01-24T17:16:08;0;28,08;28,12;-0,004;29,3;29,78;4,018;
2024-01-24T17:16:09;0;28,19;28,23;-0,003;29,3;29,78;4,018;
2024-01-24T17:16:10;0;28,18;28,22;-0,001;29,3;29,78;4,018;
2024-01-24T17:16:11;0;28,14;28,18;0,001;29,3;29,78;4,018;
2024-01-24T17:16:11;0;28,15;28,19;0,003;29,2;29,68;4,018;
2024-01-24T17:16:12;0;28,22;28,26;0,002;29,2;29,68;4,018;
2024-01-24T17:16:13;0;28,14;28,18;0,004;29,2;29,68;4,018;
2024-01-24T17:16:14;0;28,14;28,18;0,001;29,2;29,68;4,018;
2024-01-24T17:16:14;0;28,12;28,16;0,006;29,2;29,68;4,018;
2024-01-24T17:16:15;0;28,2;28,24;0;29,2;29,68;4,016;
2024-01-24T17:16:16;0;28,15;28,19;-0,004;29,2;29,68;4,018;
2024-01-24T17:16:16;0;28,16;28,2;-0,004;29,2;29,68;4,018;
2024-01-24T17:16:17;0;28,14;28,18;-0,001;29,2;29,68;4,018;
2024-01-24T17:16:18;0;28,15;28,19;-0,004;29,2;29,68;4,018;
2024-01-24T17:16:19;0;28,17;28,21;-0,001;29,2;29,68;4,018;
2024-01-24T17:16:19;0;28,08;28,12;0,002;29,2;29,68;4,018;
2024-01-24T17:16:20;0;28,11;28,15;-0,008;29,2;29,68;4,018;
2024-01-24T17:16:21;0;28,05;28,09;0,003;29,2;29,68;4,018;
2024-01-24T17:16:22;0;28;28,04;0;29,2;29,68;4,018;
2024-01-24T17:16:22;0;28,02;28,06;0,001;29,2;29,68;4,018;
2024-01-24T17:16:23;0;28,03;28,07;0,004;29,2;29,68;4,018;
2024-01-24T17:16:24;0;28,04;28,08;0,001;29,2;29,68;4,018;
2024-01-24T17:16:25;0;28,05;28,09;0,002;29,2;29,68;3,954;
2024-01-24T17:16:25;61230;27,89;27,93;0,026;29,2;29,68;3,944;Mise à l'eau
2024-01-24T17:16:26;62550;27,15;27,2;0,206;29,1;29,58;3,944;
2024-01-24T17:16:27;63030;26,86;26,91;0,415;29;29,47;3,944;
2024-01-24T17:16:27;63400;26,89;26,94;0,387;28,9;29,37;3,922;
2024-01-24T17:16:28;63620;26,78;26,83;0,259;28,7;29,17;3,91;
2024-01-24T17:16:29;63890;26,68;26,73;0,557;28,5;28,97;3,91;
2024-01-24T17:16:30;64140;26,59;26,64;0,862;28,3;28,76;3,898;
2024-01-24T17:16:30;64230;26,61;26,66;1;28,1;28,56;3,898;
2024-01-24T17:16:31;64490;26,61;26,66;0,971;28;28,46;3,898;
2024-01-24T17:16:32;64570;26,54;26,59;1,175;27,9;28,36;3,904;
2024-01-24T17:16:33;64720;26,53;26,58;1,354;27,7;28,15;3,902;
2024-01-24T17:16:33;64840;26,55;26,6;1,389;27,5;27,95;3,9;
2024-01-24T17:16:34;64890;26,53;26,58;1,317;27,4;27,85;3,9;
2024-01-24T17:16:35;64920;26,52;26,57;1,323;27,3;27,75;3,902;
2024-01-24T17:16:36;65020;26,55;26,6;1,39;27,2;27,65;3,904;
2024-01-24T17:16:36;65030;26,56;26,61;1,193;27,1;27,54;3,9;
2024-01-24T17:16:37;65030;26,51;26,56;0,893;27;27,44;3,898;
2024-01-24T17:16:38;65050;26,54;26,59;0,808;26,9;27,34;3,9;
2024-01-24T17:16:38;65070;26,52;26,57;0,888;26,8;27,24;3,904;
2024-01-24T17:16:39;65070;26,51;26,56;1,184;26,8;27,24;3,9;
2024-01-24T17:16:40;65110;26,53;26,58;1,242;26,7;27,14;3,904;
2024-01-24T17:16:41;65130;26,53;26,58;1,146;26,6;27,04;3,904;
2024-01-24T17:16:41;65160;26,53;26,58;1,022;26,6;27,04;3,904;
2024-01-24T17:16:42;65160;26,56;26,61;0,907;26,5;26,94;3,902;
2024-01-24T17:16:43;65210;26,55;26,6;0,902;26,5;26,94;3,906;
2024-01-24T17:16:44;65210;26,56;26,61;1,075;26,5;26,94;3,908;
2024-01-24T17:16:44;65210;26,54;26,59;1,259;26,4;26,83;3,904;
2024-01-24T17:16:45;65210;26,57;26,62;1,215;26,4;26,83;3,906;
2024-01-24T17:16:46;65280;26,54;26,59;1,2;26,3;26,73;3,91;
2024-01-24T17:16:46;65290;26,55;26,6;1,063;26,3;26,73;3,908;
2024-01-24T17:16:47;65240;26,55;26,6;0,972;26,3;26,73;3,91;
2024-01-24T17:16:48;65280;26,54;26,59;1,097;26,2;26,63;3,906;
2024-01-24T17:16:49;65320;26,52;26,57;1,318;26,2;26,63;3,904;
2024-01-24T17:16:49;65340;26,54;26,59;1,378;26,2;26,63;3,91;
2024-01-24T17:16:50;65340;26,56;26,61;1,182;26,2;26,63;3,908;
2024-01-24T17:16:51;65300;26,52;26,57;1,04;26,1;26,53;3,906;
2024-01-24T17:16:52;65290;26,55;26,6;1,012;26,1;26,53;3,904;
2024-01-24T17:16:52;65350;26,54;26,59;0,805;26,1;26,53;3,908;
2024-01-24T17:16:53;65320;26,53;26,58;0,762;26,1;26,53;3,904;
2024-01-24T17:16:54;65350;26,55;26,6;0,954;26;26,43;3,904;
2024-01-24T17:16:55;65350;26,58;26,63;1,204;26;26,43;3,908;
2024-01-24T17:16:55;65320;26,54;26,59;1,16;26;26,43;3,908;
2024-01-24T17:16:56;65290;26,52;26,57;1,128;26;26,43;3,908;
2024-01-24T17:16:57;65350;26,52;26,57;1,217;26;26,43;3,908;
2024-01-24T17:16:57;65350;26,53;26,58;1,197;26;26,43;3,908;
2024-01-24T17:16:58;65360;26,51;26,56;1,027;26;26,43;3,904;
2024-01-24T17:16:59;65380;26,49;26,54;1,084;25,9;26,33;3,906;
2024-01-24T17:17:00;65400;26,55;26,6;1,104;25,9;26,33;3,91;
2024-01-24T17:17:00;65380;26,55;26,6;0,887;25,9;26,33;3,91;
2024-01-24T17:17:01;65360;26,54;26,59;0,85;25,9;26,33;3,908;
2024-01-24T17:17:02;65380;26,55;26,6;0,955;25,9;26,33;3,904;
2024-01-24T17:17:03;65390;26,52;26,57;1,128;25,9;26,33;3,904;
2024-01-24T17:17:03;65390;26,5;26,55;1,257;25,9;26,33;3,906;
2024-01-24T17:17:04;65410;26,49;26,54;1,231;25,9;26,33;3,908;
2024-01-24T17:17:05;65410;26,54;26,59;0,993;25,9;26,33;3,908;
2024-01-24T17:17:06;65350;26,51;26,56;0,953;25,8;26,22;3,904;
2024-01-24T17:17:06;65400;26,52;26,57;1,128;25,8;26,22;3,908;
2024-01-24T17:17:07;65420;26,51;26,56;1,324;25,8;26,22;3,904;
2024-01-24T17:17:08;65400;26,51;26,56;1,184;25,8;26,22;3,908;
2024-01-24T17:17:08;65420;26,54;26,59;1,044;25,8;26,22;3,906;
2024-01-24T17:17:09;65420;26,5;26,55;1,04;25,8;26,22;3,908;
2024-01-24T17:17:10;65450;26,49;26,54;1,139;25,8;26,22;3,908;
2024-01-24T17:17:11;65390;26,51;26,56;1,044;25,8;26,22;3,908;
2024-01-24T17:17:11;65420;26,49;26,54;0,939;25,8;26,22;3,906;
2024-01-24T17:17:12;65420;26,5;26,55;1,04;25,8;26,22;3,91;
2024-01-24T17:17:13;65420;26,49;26,54;1,273;25,8;26,22;3,906;
2024-01-24T17:17:14;65390;26,52;26,57;1,277;25,8;26,22;3,908;
2024-01-24T17:17:14;65420;26,49;26,54;1,1;25,8;26,22;3,91;
2024-01-24T17:17:15;65420;26,5;26,55;1,082;25,8;26,22;3,908;
2024-01-24T17:17:16;65420;26,49;26,54;1,225;25,8;26,22;3,91;
2024-01-24T17:17:17;65400;26,52;26,57;1,282;25,8;26,22;3,91;
2024-01-24T17:17:17;65420;26,51;26,56;1,152;25,8;26,22;3,91;
2024-01-24T17:17:18;65450;26,53;26,58;1,123;25,8;26,22;3,91;
2024-01-24T17:17:19;65410;26,55;26,6;1,135;25,7;26,12;3,91;
2024-01-24T17:17:19;65450;26,52;26,57;1,312;25,7;26,12;3,91;
2024-01-24T17:17:20;65480;26,46;26,52;1,519;25,7;26,12;3,908;
2024-01-24T17:17:21;65520;26,5;26,55;1,568;25,7;26,12;3,908;
2024-01-24T17:17:22;65480;26,53;26,58;1,437;25,7;26,12;3,906;
2024-01-24T17:17:22;65520;26,51;26,56;1,316;25,7;26,12;3,908;
2024-01-24T17:17:23;65500;26,5;26,55;1,301;25,7;26,12;3,91;
2024-01-24T17:17:24;65520;26,52;26,57;1,243;25,7;26,12;3,91;
2024-01-24T17:17:25;65500;26,51;26,56;1,145;25,7;26,12;3,906;
2024-01-24T17:17:25;65480;26,49;26,54;1,166;25,7;26,12;3,908;
2024-01-24T17:17:26;65460;26,53;26,58;1,166;25,7;26,12;3,908;
2024-01-24T17:17:27;65480;26,5;26,55;1,002;25,7;26,12;3,906;
2024-01-24T17:17:27;65460;26,51;26,56;0,827;25,7;26,12;3,908;
2024-01-24T17:17:28;65500;26,49;26,54;0,757;25,7;26,12;3,91;
2024-01-24T17:17:29;65510;26,55;26,6;0,809;25,7;26,12;3,908;
2024-01-24T17:17:30;65530;26,53;26,58;0,869;25,7;26,12;3,91;
2024-01-24T17:17:30;65520;26,53;26,58;0,793;25,7;26,12;3,91;
2024-01-24T17:17:31;65500;26,53;26,58;0,913;25,7;26,12;3,906;
2024-01-24T17:17:32;65520;26,5;26,55;1,084;25,7;26,12;3,91;
2024-01-24T17:17:33;65530;26,54;26,59;1,078;25,7;26,12;3,91;
2024-01-24T17:17:33;65560;26,49;26,54;0,9;25,7;26,12;3,91;
2024-01-24T17:17:34;65530;26,5;26,55;0,543;25,7;26,12;3,91;
2024-01-24T17:17:35;65480;26,52;26,57;0,478;25,7;26,12;3,908;Début du profil
2024-01-24T17:17:36;65530;26,48;26,54;0,583;25,7;26,12;3,906;
2024-01-24T17:17:36;65500;26,49;26,54;0,608;25,7;26,12;3,91;
2024-01-24T17:17:37;65520;26,52;26,57;0,791;25,7;26,12;3,908;
2024-01-24T17:17:38;65480;26,5;26,55;1,195;25,7;26,12;3,906;
2024-01-24T17:17:38;65490;26,52;26,57;1,282;25,7;26,12;3,908;
2024-01-24T17:17:39;65550;26,51;26,56;1,627;25,7;26,12;3,908;
2024-01-24T17:17:40;65560;26,53;26,58;2,203;25,7;26,12;3,908;
2024-01-24T17:17:41;65640;26,48;26,54;2,646;25,7;26,12;3,908;
2024-01-24T17:17:41;65690;26,5;26,55;3,095;25,7;26,12;3,908;
2024-01-24T17:17:42;65790;26,5;26,55;3,499;25,7;26,12;3,908;
2024-01-24T17:17:43;65830;26,48;26,54;3,823;25,7;26,12;3,904;
2024-01-24T17:17:44;65890;26,48;26,54;4,108;25,7;26,12;3,902;
2024-01-24T17:17:44;65930;26,49;26,54;4,407;25,7;26,12;3,904;
2024-01-24T17:17:45;65940;26,48;26,54;4,728;25,7;26,12;3,902;
2024-01-24T17:17:46;65990;26,47;26,53;4,826;25,7;26,12;3,904;
2024-01-24T17:17:47;65940;26,46;26,52;4,645;25,7;26,12;3,9;
2024-01-24T17:17:47;65960;26,45;26,51;4,51;25,7;26,12;3,906;
2024-01-24T17:17:48;65990;26,45;26,51;4,489;25,7;26,12;3,904;
2024-01-24T17:17:49;65970;26,49;26,54;4,454;25,7;26,12;3,904;
2024-01-24T17:17:49;66000;26,44;26,5;4,328;25,7;26,12;3,904;
2024-01-24T17:17:50;66030;26,46;26,52;4,324;25,7;26,12;3,904;
2024-01-24T17:17:51;66000;26,45;26,51;4,275;25,7;26,12;3,9;
2024-01-24T17:17:52;66000;26,44;26,5;3,998;25,7;26,12;3,902;
2024-01-24T17:17:52;66030;26,45;26,51;3,782;25,7;26,12;3,9;
2024-01-24T17:17:53;66030;26,46;26,52;4,041;25,7;26,12;3,904;
2024-01-24T17:17:54;66030;26,47;26,53;4,389;25,7;26,12;3,904;
2024-01-24T17:17:55;66000;26,45;26,51;4,777;25,7;26,12;3,9;
2024-01-24T17:17:55;66030;26,43;26,49;5,196;25,7;26,12;3,898;
2024-01-24T17:17:56;66060;26,43;26,49;5,559;25,7;26,12;3,9;
2024-01-24T17:17:57;66050;26,43;26,49;6,025;25,7;26,12;3,9;
2024-01-24T17:17:58;66060;26,42;26,48;6,479;25,7;26,12;3,898;
2024-01-24T17:17:58;66100;26,39;26,45;6,863;25,7;26,12;3,904;
2024-01-24T17:17:59;66140;26,39;26,45;7,121;25,7;26,12;3,9;
2024-01-24T17:18:00;66120;26,41;26,47;7,462;25,7;26,12;3,9;
2024-01-24T17:18:00;66200;26,4;26,46;7,691;25,7;26,12;3,904;
2024-01-24T17:18:01;66220;26,37;26,43;7,67;25,7;26,12;3,9;
2024-01-24T17:18:02;66200;26,4;26,46;7,407;25,6;26,02;3,902;
2024-01-24T17:18:03;66220;26,37;26,43;7,11;25,6;26,02;3,902;
2024-01-24T17:18:03;66240;26,35;26,41;7,03;25,6;26,02;3,904;
2024-01-24T17:18:04;66240;26,37;26,43;7,212;25,6;26,02;3,904;
2024-01-24T17:18:05;66240;26,4;26,46;7,509;25,6;26,02;3,9;
2024-01-24T17:18:06;66250;26,38;26,44;7,876;25,6;26,02;3,9;
2024-01-24T17:18:06;66240;26,4;26,46;8,25;25,6;26,02;3,902;
2024-01-24T17:18:07;66280;26,39;26,45;8,522;25,6;26,02;3,902;
2024-01-24T17:18:08;66290;26,36;26,42;8,803;25,6;26,02;3,9;
2024-01-24T17:18:08;66320;26,38;26,44;9,172;25,6;26,02;3,902;
2024-01-24T17:18:09;66270;26,37;26,43;9,56;25,6;26,02;3,902;
2024-01-24T17:18:10;66320;26,35;26,41;9,834;25,6;26,02;3,9;
2024-01-24T17:18:11;66370;26,37;26,43;9,857;25,6;26,02;3,898;
2024-01-24T17:18:11;66350;26,36;26,42;9,763;25,6;26,02;3,9;
2024-01-24T17:18:12;66350;26,35;26,41;9,88;25,6;26,02;3,9;
2024-01-24T17:18:13;66330;26,35;26,41;10,074;25,6;26,02;3,9;
2024-01-24T17:18:14;66400;26,35;26,41;10,238;25,6;26,02;3,9;
2024-01-24T17:18:14;66400;26,34;26,4;10,436;25,6;26,02;3,898;
2024-01-24T17:18:15;66400;26,36;26,42;10,618;25,6;26,02;3,898;
2024-01-24T17:18:16;66400;26,35;26,41;10,755;25,6;26,02;3,9;
2024-01-24T17:18:17;66400;26,36;26,42;10,867;25,6;26,02;3,898;
2024-01-24T17:18:17;66440;26,37;26,43;11,08;25,6;26,02;3,9;
2024-01-24T17:18:18;66410;26,33;26,39;11,427;25,6;26,02;3,898;
2024-01-24T17:18:19;66480;26,32;26,38;11,749;25,6;26,02;3,898;
2024-01-24T17:18:19;66430;26,32;26,38;12,07;25,6;26,02;3,898;
2024-01-24T17:18:20;66480;26,36;26,42;12,251;25,6;26,02;3,9;
2024-01-24T17:18:21;66490;26,32;26,38;12,278;25,6;26,02;3,898;
2024-01-24T17:18:22;66530;26,32;26,38;12,147;25,6;26,02;3,898;
2024-01-24T17:18:22;66530;26,36;26,42;12,003;25,6;26,02;3,898;
2024-01-24T17:18:23;66480;26,34;26,4;11,883;25,6;26,02;3,898;
2024-01-24T17:18:24;66480;26,33;26,39;11,955;25,6;26,02;3,898;
2024-01-24T17:18:25;66530;26,34;26,4;12,24;25,6;26,02;3,898;
2024-01-24T17:18:25;66480;26,35;26,41;12,618;25,6;26,02;3,898;
2024-01-24T17:18:26;66510;26,33;26,39;13,012;25,6;26,02;3,892;
2024-01-24T17:18:27;66550;26,34;26,4;13,325;25,6;26,02;3,892;
2024-01-24T17:18:28;66530;26,34;26,4;13,464;25,6;26,02;3,894;
2024-01-24T17:18:28;66560;26,32;26,38;13,622;25,6;26,02;3,89;
2024-01-24T17:18:29;66560;26,34;26,4;13,878;25,6;26,02;3,89;
2024-01-24T17:18:30;66620;26,34;26,4;14,151;25,6;26,02;3,89;
2024-01-24T17:18:30;66570;26,34;26,4;14,589;25,6;26,02;3,888;
2024-01-24T17:18:31;66620;26,34;26,4;15,081;25,6;26,02;3,89;
2024-01-24T17:18:32;66640;26,35;26,41;15,579;25,6;26,02;3,888;
2024-01-24T17:18:33;66660;26,33;26,39;15,996;25,6;26,02;3,89;
2024-01-24T17:18:33;66670;26,35;26,41;16,246;25,6;26,02;3,888;
2024-01-24T17:18:34;66670;26,33;26,39;16,385;25,6;26,02;3,888;
2024-01-24T17:18:35;66670;26,32;26,38;16,396;25,6;26,02;3,888;
2024-01-24T17:18:36;66650;26,33;26,39;16,172;25,6;26,02;3,888;
2024-01-24T17:18:36;66650;26,31;26,37;16,277;25,6;26,02;3,888;
2024-01-24T17:18:37;66650;26,31;26,37;16,611;25,6;26,02;3,888;
2024-01-24T17:18:38;66650;26,34;26,4;17,074;25,6;26,02;3,888;
2024-01-24T17:18:39;66750;26,33;26,39;17,577;25,6;26,02;3,888;
2024-01-24T17:18:39;66700;26,32;26,38;18,053;25,6;26,02;3,888;
2024-01-24T17:18:40;66730;26,31;26,37;18,452;25,6;26,02;3,884;
2024-01-24T17:18:41;66780;26,31;26,37;18,791;25,6;26,02;3,886;
2024-01-24T17:18:41;66760;26,32;26,38;19,08;25,6;26,02;3,886;
2024-01-24T17:18:42;66750;26,33;26,39;19,37;25,6;26,02;3,884;
2024-01-24T17:18:43;66810;26,31;26,37;19,483;25,6;26,02;3,886;
2024-01-24T17:18:44;66800;26,34;26,4;19,383;25,6;26,02;3,882;
2024-01-24T17:18:44;66750;26,31;26,37;19,555;25,6;26,02;3,882;
2024-01-24T17:18:45;66810;26,35;26,41;19,731;25,6;26,02;3,882;
2024-01-24T17:18:46;66810;26,34;26,4;19,994;25,6;26,02;3,88;
2024-01-24T17:18:47;66810;26,32;26,38;20,359;25,6;26,02;3,882;
2024-01-24T17:18:47;66810;26,32;26,38;20,775;25,6;26,02;3,882;
2024-01-24T17:18:48;66840;26,32;26,38;21,154;25,6;26,02;3,882;
2024-01-24T17:18:49;66860;26,33;26,39;21,605;25,6;26,02;3,882;
2024-01-24T17:18:49;66860;26,36;26,42;22,123;25,6;26,02;3,882;
2024-01-24T17:18:50;66860;26,32;26,38;22,583;25,6;26,02;3,882;
2024-01-24T17:18:51;66870;26,33;26,39;22,826;25,6;26,02;3,882;
2024-01-24T17:18:52;66860;26,32;26,38;22,902;25,6;26,02;3,882;
2024-01-24T17:18:52;66890;26,33;26,39;22,992;25,6;26,02;3,882;
2024-01-24T17:18:53;66920;26,33;26,39;22,985;25,6;26,02;3,882;
2024-01-24T17:18:54;66870;26,33;26,39;23,147;25,6;26,02;3,882;
2024-01-24T17:18:55;66890;26,31;26,37;23,504;25,6;26,02;3,882;
2024-01-24T17:18:55;66920;26,33;26,39;23,947;25,6;26,02;3,882;
2024-01-24T17:18:56;66910;26,31;26,37;24,409;25,6;26,02;3,882;
2024-01-24T17:18:57;66920;26,3;26,36;24,665;25,6;26,02;3,882;
2024-01-24T17:18:58;66900;26,31;26,37;24,836;25,6;26,02;3,882;
2024-01-24T17:18:58;66920;26,31;26,37;24,907;25,6;26,02;3,882;
2024-01-24T17:18:59;66960;26,33;26,39;25,208;25,6;26,02;3,882;
2024-01-24T17:19:00;66960;26,32;26,38;25,548;25,7;26,12;3,886;
2024-01-24T17:19:00;66970;26,31;26,37;25,967;25,7;26,12;3,884;
2024-01-24T17:19:01;66950;26,32;26,38;26,346;25,7;26,12;3,882;
2024-01-24T17:19:02;66950;26,31;26,37;26,774;25,7;26,12;3,882;
2024-01-24T17:19:03;67000;26,31;26,37;27,236;25,7;26,12;3,886;
2024-01-24T17:19:03;67000;26,31;26,37;27,645;25,7;26,12;3,886;
2024-01-24T17:19:04;67000;26,31;26,37;28,064;25,7;26,12;3,884;
2024-01-24T17:19:05;67020;26,31;26,37;28,487;25,7;26,12;3,882;
2024-01-24T17:19:06;67000;26,32;26,38;28,928;25,7;26,12;3,882;
2024-01-24T17:19:06;67010;26,32;26,38;29,078;25,7;26,12;3,886;
2024-01-24T17:19:07;67030;26,31;26,37;29,239;25,7;26,12;3,884;
2024-01-24T17:19:08;67020;26,32;26,38;29,781;25,7;26,12;3,886;
2024-01-24T17:19:09;67020;26,34;26,4;30,206;25,7;26,12;3,886;
2024-01-24T17:19:09;67030;26,31;26,37;30,657;25,7;26,12;3,886;
2024-01-24T17:19:10;67030;26,31;26,37;31,12;25,7;26,12;3,884;
2024-01-24T17:19:11;67080;26,31;26,37;31,449;25,7;26,12;3,888;
2024-01-24T17:19:11;67050;26,31;26,37;31,759;25,7;26,12;3,886;
2024-01-24T17:19:12;67050;26,31;26,37;32,025;25,7;26,12;3,886;
2024-01-24T17:19:13;67050;26,31;26,37;32,092;25,7;26,12;3,882;
2024-01-24T17:19:14;67050;26,31;26,37;32,223;25,7;26,12;3,884;
2024-01-24T17:19:14;67100;26,31;26,37;32,689;25,7;26,12;3,884;
2024-01-24T17:19:15;67050;26,33;26,39;33,157;25,7;26,12;3,884;
2024-01-24T17:19:16;67110;26,33;26,39;33,656;25,7;26,12;3,884;
2024-01-24T17:19:17;67090;26,3;26,36;34,007;25,7;26,12;3,886;
2024-01-24T17:19:17;67090;26,31;26,37;34,321;25,7;26,12;3,886;
2024-01-24T17:19:18;67140;26,31;26,37;34,46;25,7;26,12;3,882;
2024-01-24T17:19:19;67090;26,3;26,36;34,563;25,7;26,12;3,882;
2024-01-24T17:19:20;67110;26,33;26,39;34,809;25,7;26,12;3,882;
2024-01-24T17:19:20;67100;26,31;26,37;35,151;25,7;26,12;3,882;
2024-01-24T17:19:21;67110;26,31;26,37;35,45;25,7;26,12;3,882;
2024-01-24T17:19:22;67090;26,31;26,37;35,719;25,7;26,12;3,882;
2024-01-24T17:19:22;67110;26,31;26,37;35,958;25,7;26,12;3,884;
2024-01-24T17:19:23;67140;26,31;26,37;36,087;25,7;26,12;3,884;
2024-01-24T17:19:24;67110;26,3;26,36;36,226;25,7;26,12;3,882;
2024-01-24T17:19:25;67110;26,32;26,38;36,325;25,7;26,12;3,882;
2024-01-24T17:19:25;67120;26,35;26,41;36,592;25,7;26,12;3,882;
2024-01-24T17:19:26;67110;26,31;26,37;36,844;25,7;26,12;3,884;
2024-01-24T17:19:27;67170;26,31;26,37;37,098;25,7;26,12;3,882;
2024-01-24T17:19:28;67100;26,31;26,37;37,478;25,7;26,12;3,882;
2024-01-24T17:19:28;67150;26,31;26,37;37,936;25,7;26,12;3,884;
2024-01-24T17:19:29;67180;26,33;26,39;38,359;25,7;26,12;3,882;
2024-01-24T17:19:30;67120;26,31;26,37;38,507;25,7;26,12;3,882;
2024-01-24T17:19:30;67120;26,32;26,38;38,598;25,7;26,12;3,882;
2024-01-24T17:19:31;67150;26,35;26,41;38,807;25,7;26,12;3,882;
2024-01-24T17:19:32;67150;26,34;26,4;39,076;25,7;26,12;3,882;
2024-01-24T17:19:33;67170;26,32;26,38;39,363;25,7;26,12;3,882;
2024-01-24T17:19:33;67150;26,31;26,37;39,706;25,7;26,12;3,882;
2024-01-24T17:19:34;67150;26,31;26,37;40,111;25,7;26,12;3,882;
2024-01-24T17:19:35;67150;26,31;26,37;40,41;25,7;26,12;3,882;
2024-01-24T17:19:36;67120;26,33;26,39;40,636;25,7;26,12;3,882;
2024-01-24T17:19:36;67170;26,32;26,38;40,495;25,7;26,12;3,882;
2024-01-24T17:19:37;67170;26,31;26,37;40,168;25,7;26,12;3,882;
2024-01-24T17:19:38;67170;26,29;26,35;39,863;25,7;26,12;3,882;
2024-01-24T17:19:39;67180;26,31;26,37;39,604;25,7;26,12;3,882;
2024-01-24T17:19:39;67170;26,32;26,38;39,337;25,7;26,12;3,882;
2024-01-24T17:19:40;67200;26,3;26,36;39,122;25,7;26,12;3,882;
2024-01-24T17:19:41;67150;26,31;26,37;39,369;25,7;26,12;3,884;
2024-01-24T17:19:41;67180;26,31;26,37;39,694;25,7;26,12;3,882;
2024-01-24T17:19:42;67180;26,32;26,38;40,038;25,7;26,12;3,882;
2024-01-24T17:19:43;67170;26,31;26,37;40,42;25,7;26,12;3,882;
2024-01-24T17:19:44;67120;26,31;26,37;40,878;25,7;26,12;3,882;
2024-01-24T17:19:44;67180;26,32;26,38;41,344;25,8;26,22;3,882;
2024-01-24T17:19:45;67210;26,32;26,38;41,823;25,8;26,22;3,884;
2024-01-24T17:19:46;67180;26,3;26,36;42,309;25,8;26,22;3,882;
2024-01-24T17:19:47;67180;26,3;26,36;42,769;25,8;26,22;3,882;
2024-01-24T17:19:47;67210;26,31;26,37;43,182;25,8;26,22;3,882;
2024-01-24T17:19:48;67150;26,31;26,37;43,524;25,8;26,22;3,882;
2024-01-24T17:19:49;67200;26,31;26,37;43,744;25,8;26,22;3,882;
2024-01-24T17:19:50;67200;26,31;26,37;44,055;25,8;26,22;3,882;
2024-01-24T17:19:50;67180;26,31;26,37;44,407;25,8;26,22;3,882;
2024-01-24T17:19:51;67210;26,32;26,38;44,643;25,8;26,22;3,882;
2024-01-24T17:19:52;67210;26,3;26,36;44,79;25,8;26,22;3,882;
2024-01-24T17:19:52;67190;26,3;26,36;44,746;25,8;26,22;3,882;
2024-01-24T17:19:53;67210;26,31;26,37;44,463;25,8;26,22;3,882;
2024-01-24T17:19:54;67180;26,3;26,36;44,095;25,8;26,22;3,882;
2024-01-24T17:19:55;67210;26,29;26,35;43,632;25,8;26,22;3,882;
2024-01-24T17:19:55;67160;26,31;26,37;43,16;25,8;26,22;3,88;
2024-01-24T17:19:56;67180;26,29;26,35;42,725;25,8;26,22;3,882;
2024-01-24T17:19:57;67210;26,32;26,38;42,274;25,7;26,12;3,882;
2024-01-24T17:19:58;67180;26,31;26,37;41,864;25,7;26,12;3,882;
2024-01-24T17:19:58;67180;26,32;26,38;41,509;25,7;26,12;3,882;
2024-01-24T17:19:59;67160;26,31;26,37;41,089;25,7;26,12;3,882;
2024-01-24T17:20:00;67180;26,31;26,37;40,559;25,7;26,12;3,882;
2024-01-24T17:20:01;67180;26,31;26,37;40;25,7;26,12;3,882;
2024-01-24T17:20:01;67210;26,3;26,36;39,368;25,7;26,12;3,882;
2024-01-24T17:20:02;67210;26,3;26,36;38,71;25,7;26,12;3,882;
2024-01-24T17:20:03;67210;26,32;26,38;38,03;25,7;26,12;3,88;
2024-01-24T17:20:03;67190;26,3;26,36;37,331;25,7;26,12;3,882;
2024-01-24T17:20:04;67210;26,31;26,37;36,664;25,7;26,12;3,882;
2024-01-24T17:20:05;67210;26,32;26,38;36,065;25,7;26,12;3,882;
2024-01-24T17:20:06;67210;26,32;26,38;35,503;25,7;26,12;3,88;
2024-01-24T17:20:06;67240;26,32;26,38;34,944;25,7;26,12;3,882;
2024-01-24T17:20:07;67210;26,32;26,38;34,469;25,7;26,12;3,882;
2024-01-24T17:20:08;67240;26,31;26,37;34,056;25,7;26,12;3,882;
2024-01-24T17:20:09;67220;26,31;26,37;33,703;25,7;26,12;3,88;
2024-01-24T17:20:09;67190;26,31;26,37;33,465;25,7;26,12;3,882;
2024-01-24T17:20:10;67170;26,31;26,37;33,217;25,7;26,12;3,88;
2024-01-24T17:20:11;67220;26,33;26,39;32,957;25,7;26,12;3,88;
2024-01-24T17:20:11;67240;26,31;26,37;32,68;25,7;26,12;3,88;
2024-01-24T17:20:12;67190;26,31;26,37;32,39;25,7;26,12;3,882;
2024-01-24T17:20:13;67240;26,31;26,37;31,972;25,7;26,12;3,882;
2024-01-24T17:20:14;67180;26,31;26,37;31,269;25,7;26,12;3,876;
2024-01-24T17:20:14;67220;26,31;26,37;30,516;25,7;26,12;3,878;
2024-01-24T17:20:15;67190;26,31;26,37;29,827;25,7;26,12;3,882;
2024-01-24T17:20:16;67220;26,32;26,38;29,146;25,7;26,12;3,882;
2024-01-24T17:20:17;67210;26,31;26,37;28,49;25,7;26,12;3,878;
2024-01-24T17:20:17;67270;26,31;26,37;28,174;25,7;26,12;3,882;
2024-01-24T17:20:18;67190;26,32;26,38;28,162;25,7;26,12;3,882;
2024-01-24T17:20:19;67190;26,31;26,37;28,283;25,7;26,12;3,88;
2024-01-24T17:20:20;67220;26,29;26,35;28,299;25,7;26,12;3,88;
2024-01-24T17:20:20;67220;26,31;26,37;28,282;25,7;26,12;3,882;
2024-01-24T17:20:21;67220;26,32;26,38;28,164;25,7;26,12;3,88;
2024-01-24T17:20:22;67190;26,31;26,37;27,885;25,7;26,12;3,882;
2024-01-24T17:20:22;67220;26,32;26,38;27,55;25,7;26,12;3,882;
2024-01-24T17:20:23;67250;26,31;26,37;27,095;25,7;26,12;3,882;
2024-01-24T17:20:24;67220;26,32;26,38;26,579;25,6;26,02;3,882;
2024-01-24T17:20:25;67200;26,31;26,37;26,027;25,6;26,02;3,882;
2024-01-24T17:20:25;67230;26,31;26,37;25,576;25,6;26,02;3,878;
2024-01-24T17:20:26;67230;26,31;26,37;25,18;25,6;26,02;3,882;
2024-01-24T17:20:27;67210;26,32;26,38;24,782;25,6;26,02;3,878;
2024-01-24T17:20:28;67200;26,31;26,37;24,453;25,6;26,02;3,878;
2024-01-24T17:20:28;67220;26,31;26,37;24,124;25,6;26,02;3,878;
2024-01-24T17:20:29;67230;26,32;26,38;23,932;25,6;26,02;3,878;
2024-01-24T17:20:30;67250;26,33;26,39;23,839;25,6;26,02;3,876;
2024-01-24T17:20:31;67220;26,33;26,39;23,835;25,6;26,02;3,88;
2024-01-24T17:20:31;67220;26,3;26,36;23,769;25,6;26,02;3,878;
2024-01-24T17:20:32;67250;26,33;26,39;23,651;25,6;26,02;3,876;
2024-01-24T17:20:33;67250;26,31;26,37;23,424;25,6;26,02;3,88;
2024-01-24T17:20:33;67220;26,32;26,38;23,118;25,6;26,02;3,878;
2024-01-24T17:20:34;67240;26,31;26,37;22,879;25,6;26,02;3,88;
2024-01-24T17:20:35;67190;26,31;26,37;22,655;25,6;26,02;3,878;
2024-01-24T17:20:36;67250;26,31;26,37;22,432;25,6;26,02;3,88;
2024-01-24T17:20:36;67250;26,31;26,37;22,166;25,6;26,02;3,834;
2024-01-24T17:20:37;67230;26,32;26,38;21,889;25,6;26,02;3,834;
2024-01-24T17:20:38;67250;26,33;26,39;21,607;25,6;26,02;3,836;
2024-01-24T17:20:39;67230;26,35;26,41;21,32;25,6;26,02;3,836;
2024-01-24T17:20:39;67250;26,33;26,39;21,122;25,6;26,02;3,84;
2024-01-24T17:20:40;67230;26,31;26,37;20,952;25,6;26,02;3,838;
2024-01-24T17:20:41;67230;26,31;26,37;20,853;25,6;26,02;3,842;
2024-01-24T17:20:42;67230;26,35;26,41;20,794;25,6;26,02;3,842;
2024-01-24T17:20:42;67200;26,34;26,4;20,772;25,6;26,02;3,836;
2024-01-24T17:20:43;67250;26,31;26,37;20,639;25,6;26,02;3,84;
2024-01-24T17:20:44;67230;26,35;26,41;20,364;25,6;26,02;3,838;
2024-01-24T17:20:44;67250;26,33;26,39;20,253;25,6;26,02;3,84;
2024-01-24T17:20:45;67200;26,32;26,38;20,198;25,6;26,02;3,838;
2024-01-24T17:20:46;67230;26,33;26,39;20,009;25,6;26,02;3,842;
2024-01-24T17:20:47;67230;26,34;26,4;19,846;25,6;26,02;3,838;
2024-01-24T17:20:47;67200;26,33;26,39;19,686;25,6;26,02;3,84;
2024-01-24T17:20:48;67230;26,32;26,38;19,598;25,6;26,02;3,838;
2024-01-24T17:20:49;67200;26,33;26,39;19,42;25,6;26,02;3,838;
2024-01-24T17:20:50;67230;26,3;26,36;19,195;25,6;26,02;3,84;
2024-01-24T17:20:50;67230;26,32;26,38;18,959;25,6;26,02;3,84;
2024-01-24T17:20:51;67260;26,32;26,38;18,757;25,6;26,02;3,84;
2024-01-24T17:20:52;67190;26,32;26,38;18,468;25,6;26,02;3,844;
2024-01-24T17:20:52;67230;26,33;26,39;18,288;25,6;26,02;3,846;
2024-01-24T17:20:53;67200;26,36;26,42;18,16;25,6;26,02;3,84;
2024-01-24T17:20:54;67210;26,33;26,39;18,068;25,6;26,02;3,844;
2024-01-24T17:20:55;67230;26,32;26,38;18,029;25,6;26,02;3,84;
2024-01-24T17:20:55;67230;26,33;26,39;17,978;25,6;26,02;3,842;
2024-01-24T17:20:56;67250;26,32;26,38;17,916;25,6;26,02;3,844;
2024-01-24T17:20:57;67230;26,32;26,38;17,799;25,6;26,02;3,846;
2024-01-24T17:20:58;67210;26,34;26,4;17,696;25,6;26,02;3,846;
2024-01-24T17:20:58;67230;26,31;26,37;17,458;25,6;26,02;3,846;
2024-01-24T17:20:59;67240;26,32;26,38;17,149;25,6;26,02;3,844;
2024-01-24T17:21:00;67240;26,32;26,38;16,88;25,6;26,02;3,842;
2024-01-24T17:21:01;67240;26,31;26,37;16,659;25,6;26,02;3,852;
2024-01-24T17:21:01;67260;26,32;26,38;16,437;25,6;26,02;3,854;
2024-01-24T17:21:02;67260;26,34;26,4;16,321;25,6;26,02;3,854;
2024-01-24T17:21:03;67240;26,31;26,37;16,231;25,6;26,02;3,854;
2024-01-24T17:21:03;67250;26,33;26,39;16,087;25,6;26,02;3,854;
2024-01-24T17:21:04;67230;26,32;26,38;15,942;25,6;26,02;3,854;
2024-01-24T17:21:05;67250;26,32;26,38;15,835;25,6;26,02;3,854;
2024-01-24T17:21:06;67230;26,31;26,37;15,814;25,6;26,02;3,854;
2024-01-24T17:21:06;67250;26,34;26,4;15,846;25,6;26,02;3,854;
2024-01-24T17:21:07;67230;26,34;26,4;15,898;25,6;26,02;3,854;
2024-01-24T17:21:08;67230;26,33;26,39;15,946;25,6;26,02;3,854;
2024-01-24T17:21:09;67260;26,34;26,4;15,849;25,6;26,02;3,854;
2024-01-24T17:21:09;67260;26,31;26,37;15,638;25,6;26,02;3,854;
2024-01-24T17:21:10;67210;26,33;26,39;15,333;25,6;26,02;3,854;
2024-01-24T17:21:11;67240;26,32;26,38;15,03;25,6;26,02;3,854;
2024-01-24T17:21:12;67240;26,32;26,38;14,732;25,6;26,02;3,856;
2024-01-24T17:21:12;67290;26,34;26,4;14,468;25,6;26,02;3,854;
2024-01-24T17:21:13;67240;26,33;26,39;14,331;25,6;26,02;3,854;
2024-01-24T17:21:14;67260;26,32;26,38;14,301;25,6;26,02;3,854;
2024-01-24T17:21:14;67240;26,33;26,39;14,347;25,6;26,02;3,854;
2024-01-24T17:21:15;67210;26,33;26,39;14,453;25,6;26,02;3,854;
2024-01-24T17:21:16;67260;26,3;26,36;14,641;25,6;26,02;3,854;
2024-01-24T17:21:17;67240;26,34;26,4;14,762;25,6;26,02;3,854;
2024-01-24T17:21:17;67210;26,32;26,38;14,752;25,6;26,02;3,854;
2024-01-24T17:21:18;67280;26,34;26,4;14,697;25,6;26,02;3,852;
2024-01-24T17:21:19;67250;26,32;26,38;14,503;25,6;26,02;3,854;
2024-01-24T17:21:20;67250;26,34;26,4;14,351;25,6;26,02;3,854;
2024-01-24T17:21:20;67280;26,31;26,37;14,105;25,6;26,02;3,854;
2024-01-24T17:21:21;67260;26,34;26,4;13,65;25,6;26,02;3,854;
2024-01-24T17:21:22;67260;26,33;26,39;13,257;25,6;26,02;3,854;
2024-01-24T17:21:23;67280;26,33;26,39;13,074;25,6;26,02;3,854;
2024-01-24T17:21:23;67260;26,34;26,4;12,966;25,6;26,02;3,854;
2024-01-24T17:21:24;67260;26,31;26,37;12,929;25,6;26,02;3,854;
2024-01-24T17:21:25;67310;26,34;26,4;13,031;25,6;26,02;3,854;
2024-01-24T17:21:25;67280;26,33;26,39;13,184;25,6;26,02;3,854;
2024-01-24T17:21:26;67230;26,34;26,4;13,276;25,6;26,02;3,854;
2024-01-24T17:21:27;67280;26,33;26,39;13,296;25,6;26,02;3,854;
2024-01-24T17:21:28;67230;26,33;26,39;13,214;25,6;26,02;3,854;
2024-01-24T17:21:28;67280;26,33;26,39;13,131;25,6;26,02;3,854;
2024-01-24T17:21:29;67260;26,34;26,4;12,924;25,6;26,02;3,854;
2024-01-24T17:21:30;67310;26,35;26,41;12,669;25,6;26,02;3,854;
2024-01-24T17:21:31;67260;26,33;26,39;12,437;25,6;26,02;3,852;
2024-01-24T17:21:31;67280;26,35;26,41;12,19;25,6;26,02;3,854;
2024-01-24T17:21:32;67290;26,34;26,4;12,112;25,6;26,02;3,854;
2024-01-24T17:21:33;67270;26,34;26,4;12,093;25,6;26,02;3,854;
2024-01-24T17:21:33;67290;26,33;26,39;12,005;25,6;26,02;3,854;
2024-01-24T17:21:34;67260;26,35;26,41;11,94;25,6;26,02;3,852;
2024-01-24T17:21:35;67290;26,34;26,4;11,866;25,6;26,02;3,854;
2024-01-24T17:21:36;67290;26,35;26,41;11,529;25,6;26,02;3,852;
2024-01-24T17:21:36;67270;26,35;26,41;11,373;25,6;26,02;3,854;
2024-01-24T17:21:37;67240;26,32;26,38;11,219;25,6;26,02;3,854;
2024-01-24T17:21:38;67290;26,35;26,41;10,965;25,6;26,02;3,852;
2024-01-24T17:21:39;67270;26,33;26,39;10,712;25,6;26,02;3,854;
2024-01-24T17:21:39;67270;26,35;26,41;10,482;25,6;26,02;3,854;
2024-01-24T17:21:40;67290;26,36;26,42;10,283;25,6;26,02;3,854;
2024-01-24T17:21:41;67290;26,35;26,41;10,253;25,6;26,02;3,854;
2024-01-24T17:21:42;67290;26,36;26,42;10,424;25,6;26,02;3,854;
2024-01-24T17:21:42;67320;26,37;26,43;10,544;25,6;26,02;3,852;
2024-01-24T17:21:43;67320;26,35;26,41;10,521;25,6;26,02;3,852;
2024-01-24T17:21:44;67290;26,32;26,38;10,435;25,6;26,02;3,852;
2024-01-24T17:21:44;67270;26,34;26,4;10,153;25,6;26,02;3,852;
2024-01-24T17:21:45;67290;26,35;26,41;9,981;25,6;26,02;3,854;
2024-01-24T17:21:46;67270;26,35;26,41;9,812;25,6;26,02;3,854;
2024-01-24T17:21:47;67290;26,35;26,41;9,596;25,6;26,02;3,854;
2024-01-24T17:21:47;67290;26,33;26,39;9,395;25,6;26,02;3,852;
2024-01-24T17:21:48;67320;26,35;26,41;9,143;25,6;26,02;3,852;
2024-01-24T17:21:49;67270;26,34;26,4;8,95;25,6;26,02;3,852;
2024-01-24T17:21:50;67290;26,34;26,4;8,692;25,6;26,02;3,85;
2024-01-24T17:21:50;67310;26,37;26,43;8,591;25,6;26,02;3,854;
2024-01-24T17:21:51;67320;26,37;26,43;8,589;25,6;26,02;3,852;
2024-01-24T17:21:52;67290;26,37;26,43;8,65;25,6;26,02;3,854;
2024-01-24T17:21:53;67350;26,37;26,43;8,743;25,6;26,02;3,854;
2024-01-24T17:21:53;67290;26,33;26,39;8,782;25,6;26,02;3,852;
2024-01-24T17:21:54;67290;26,34;26,4;8,81;25,6;26,02;3,854;
2024-01-24T17:21:55;67290;26,36;26,42;8,7;25,6;26,02;3,852;
2024-01-24T17:21:55;67320;26,36;26,42;8,522;25,6;26,02;3,852;
2024-01-24T17:21:56;67310;26,37;26,43;8,275;25,6;26,02;3,852;
2024-01-24T17:21:57;67290;26,37;26,43;7,979;25,6;26,02;3,852;
2024-01-24T17:21:58;67360;26,36;26,42;7,778;25,6;26,02;3,852;
2024-01-24T17:21:58;67340;26,36;26,42;7,647;25,6;26,02;3,846;
2024-01-24T17:21:59;67290;26,37;26,43;7,605;25,6;26,02;3,84;
2024-01-24T17:22:00;67370;26,38;26,44;7,62;25,6;26,02;3,84;
2024-01-24T17:22:01;67340;26,38;26,44;7,691;25,6;26,02;3,838;
2024-01-24T17:22:01;67320;26,36;26,42;7,753;25,6;26,02;3,84;
2024-01-24T17:22:02;67360;26,36;26,42;7,844;25,6;26,02;3,836;
2024-01-24T17:22:03;67350;26,37;26,43;7,993;25,6;26,02;3,836;
2024-01-24T17:22:04;67340;26,37;26,43;8,079;25,6;26,02;3,842;
2024-01-24T17:22:04;67340;26,35;26,41;7,96;25,6;26,02;3,84;
2024-01-24T17:22:05;67340;26,37;26,43;7,765;25,6;26,02;3,84;
2024-01-24T17:22:06;67340;26,36;26,42;7,422;25,6;26,02;3,838;
2024-01-24T17:22:06;67370;26,37;26,43;7,122;25,6;26,02;3,84;
2024-01-24T17:22:07;67340;26,37;26,43;7,063;25,6;26,02;3,84;
2024-01-24T17:22:08;67340;26,36;26,42;7,079;25,6;26,02;3,844;
2024-01-24T17:22:09;67320;26,38;26,44;7,071;25,6;26,02;3,84;
2024-01-24T17:22:09;67340;26,37;26,43;7,098;25,6;26,02;3,842;
2024-01-24T17:22:10;67330;26,37;26,43;7,072;25,6;26,02;3,844;
2024-01-24T17:22:11;67340;26,37;26,43;7,014;25,6;26,02;3,842;
2024-01-24T17:22:12;67330;26,38;26,44;6,984;25,6;26,02;3,842;
2024-01-24T17:22:12;67340;26,37;26,43;6,995;25,6;26,02;3,84;
2024-01-24T17:22:13;67340;26,38;26,44;6,997;25,6;26,02;3,844;
2024-01-24T17:22:14;67370;26,37;26,43;6,924;25,6;26,02;3,844;
2024-01-24T17:22:15;67350;26,4;26,46;6,862;25,6;26,02;3,842;
2024-01-24T17:22:15;67340;26,38;26,44;6,722;25,6;26,02;3,842;
2024-01-24T17:22:16;67350;26,39;26,45;6,609;25,6;26,02;3,842;
2024-01-24T17:22:17;67340;26,37;26,43;6,414;25,6;26,02;3,846;
2024-01-24T17:22:17;67370;26,38;26,44;6,205;25,6;26,02;3,842;
2024-01-24T17:22:18;67380;26,39;26,45;6,199;25,6;26,02;3,844;
2024-01-24T17:22:19;67350;26,37;26,43;6,288;25,6;26,02;3,844;
2024-01-24T17:22:20;67350;26,37;26,43;6,279;25,6;26,02;3,842;
2024-01-24T17:22:20;67370;26,37;26,43;6,344;25,6;26,02;3,842;
2024-01-24T17:22:21;67350;26,38;26,44;6,328;25,6;26,02;3,842;
2024-01-24T17:22:22;67350;26,4;26,46;6,301;25,6;26,02;3,844;
2024-01-24T17:22:23;67370;26,39;26,45;6,287;25,6;26,02;3,842;
2024-01-24T17:22:23;67350;26,37;26,43;6,199;25,6;26,02;3,842;
2024-01-24T17:22:24;67400;26,38;26,44;6,113;25,6;26,02;3,842;
2024-01-24T17:22:25;67400;26,4;26,46;5,955;25,6;26,02;3,844;
2024-01-24T17:22:26;67380;26,39;26,45;5,927;25,6;26,02;3,844;
2024-01-24T17:22:26;67430;26,37;26,43;5,901;25,6;26,02;3,846;
2024-01-24T17:22:27;67430;26,41;26,47;6,013;25,6;26,02;3,84;
2024-01-24T17:22:28;67360;26,39;26,45;5,914;25,6;26,02;3,842;
2024-01-24T17:22:28;67410;26,41;26,47;5,922;25,6;26,02;3,842;
2024-01-24T17:22:29;67380;26,41;26,47;5,837;25,6;26,02;3,844;
2024-01-24T17:22:30;67380;26,38;26,44;5,718;25,6;26,02;3,844;
2024-01-24T17:22:31;67440;26,39;26,45;5,496;25,6;26,02;3,842;
2024-01-24T17:22:31;67440;26,4;26,46;5,436;25,6;26,02;3,844;
2024-01-24T17:22:32;67490;26,42;26,48;5,456;25,6;26,02;3,846;
2024-01-24T17:22:33;67460;26,42;26,48;5,456;25,6;26,02;3,844;
2024-01-24T17:22:34;67460;26,43;26,49;5,482;25,6;26,02;3,844;
2024-01-24T17:22:34;67370;26,41;26,47;5,55;25,6;26,02;3,84;
2024-01-24T17:22:35;67430;26,41;26,47;5,47;25,6;26,02;3,846;
2024-01-24T17:22:36;67430;26,41;26,47;5,382;25,6;26,02;3,844;
2024-01-24T17:22:36;67380;26,42;26,48;5,276;25,6;26,02;3,846;
2024-01-24T17:22:37;67400;26,42;26,48;5,224;25,6;26,02;3,842;
2024-01-24T17:22:38;67460;26,43;26,49;5,181;25,6;26,02;3,842;
2024-01-24T17:22:39;67460;26,42;26,48;5,198;25,6;26,02;3,844;
2024-01-24T17:22:39;67430;26,4;26,46;5,247;25,6;26,02;3,84;
2024-01-24T17:22:40;67420;26,37;26,43;5,293;25,6;26,02;3,844;
2024-01-24T17:22:41;67400;26,41;26,47;5,409;25,6;26,02;3,844;
2024-01-24T17:22:42;67380;26,42;26,48;5,361;25,6;26,02;3,842;
2024-01-24T17:22:42;67380;26,38;26,44;5,271;25,6;26,02;3,844;
2024-01-24T17:22:43;67430;26,4;26,46;5,12;25,6;26,02;3,84;
2024-01-24T17:22:44;67430;26,4;26,46;4,941;25,6;26,02;3,844;
2024-01-24T17:22:45;67460;26,43;26,49;4,768;25,6;26,02;3,844;
2024-01-24T17:22:45;67410;26,42;26,48;4,796;25,6;26,02;3,844;
2024-01-24T17:22:46;67410;26,42;26,48;4,809;25,6;26,02;3,842;
2024-01-24T17:22:47;67460;26,41;26,47;4,854;25,6;26,02;3,846;
2024-01-24T17:22:47;67440;26,41;26,47;4,976;25,6;26,02;3,846;
2024-01-24T17:22:48;67460;26,41;26,47;5,052;25,6;26,02;3,84;
2024-01-24T17:22:49;67440;26,43;26,49;5,162;25,6;26,02;3,842;
2024-01-24T17:22:50;67420;26,43;26,49;5,131;25,6;26,02;3,844;
2024-01-24T17:22:50;67440;26,38;26,44;5,036;25,6;26,02;3,844;
2024-01-24T17:22:51;67380;26,39;26,45;4,935;25,6;26,02;3,84;
2024-01-24T17:22:52;67410;26,41;26,47;4,908;25,6;26,02;3,844;
2024-01-24T17:22:53;67450;26,39;26,45;4,863;25,6;26,02;3,844;
2024-01-24T17:22:53;67440;26,42;26,48;4,777;25,6;26,02;3,846;
2024-01-24T17:22:54;67440;26,44;26,5;4,677;25,6;26,02;3,844;
2024-01-24T17:22:55;67440;26,42;26,48;4,51;25,6;26,02;3,846;
2024-01-24T17:22:56;67460;26,43;26,49;4,324;25,6;26,02;3,842;
2024-01-24T17:22:56;67410;26,42;26,48;4,199;25,6;26,02;3,846;
2024-01-24T17:22:57;67460;26,43;26,49;4,254;25,6;26,02;3,846;
2024-01-24T17:22:58;67460;26,43;26,49;4,427;25,6;26,02;3,842;
2024-01-24T17:22:58;67460;26,43;26,49;4,643;25,6;26,02;3,844;
2024-01-24T17:22:59;67460;26,43;26,49;4,896;25,6;26,02;3,844;
2024-01-24T17:23:00;67440;26,42;26,48;4,982;25,6;26,02;3,842;
2024-01-24T17:23:01;67430;26,43;26,49;4,726;25,6;26,02;3,844;
2024-01-24T17:23:01;67460;26,42;26,48;4,493;25,6;26,02;3,844;
2024-01-24T17:23:02;67480;26,43;26,49;4,185;25,6;26,02;3,846;
2024-01-24T17:23:03;67510;26,43;26,49;3,877;25,6;26,02;3,842;
2024-01-24T17:23:04;67490;26,46;26,52;3,782;25,6;26,02;3,842;
2024-01-24T17:23:04;67490;26,43;26,49;3,779;25,6;26,02;3,844;
2024-01-24T17:23:05;67470;26,44;26,5;3,821;25,6;26,02;3,842;
2024-01-24T17:23:06;67490;26,43;26,49;3,86;25,6;26,02;3,846;
2024-01-24T17:23:07;67460;26,45;26,51;3,841;25,6;26,02;3,844;
2024-01-24T17:23:07;67460;26,44;26,5;3,913;25,6;26,02;3,844;
2024-01-24T17:23:08;67460;26,44;26,5;3,956;25,6;26,02;3,842;
2024-01-24T17:23:09;67490;26,44;26,5;3,94;25,6;26,02;3,846;
2024-01-24T17:23:09;67440;26,44;26,5;3,876;25,6;26,02;3,842;
2024-01-24T17:23:10;67490;26,43;26,49;3,791;25,6;26,02;3,844;
2024-01-24T17:23:11;67490;26,43;26,49;3,546;25,6;26,02;3,846;
2024-01-24T17:23:12;67490;26,43;26,49;3,376;25,6;26,02;3,85;
2024-01-24T17:23:12;67490;26,45;26,51;3,095;25,6;26,02;3,846;
2024-01-24T17:23:13;67490;26,46;26,52;2,861;25,6;26,02;3,844;
2024-01-24T17:23:14;67490;26,45;26,51;2,762;25,6;26,02;3,848;
2024-01-24T17:23:15;67540;26,49;26,54;2,78;25,6;26,02;3,842;
2024-01-24T17:23:15;67530;26,46;26,52;2,815;25,6;26,02;3,846;
2024-01-24T17:23:16;67570;26,48;26,54;2,794;25,6;26,02;3,846;
2024-01-24T17:23:17;67540;26,46;26,52;2,835;25,6;26,02;3,842;
2024-01-24T17:23:17;67520;26,47;26,53;2,959;25,6;26,02;3,846;
2024-01-24T17:23:18;67520;26,49;26,54;2,964;25,6;26,02;3,846;
2024-01-24T17:23:19;67540;26,48;26,54;2,859;25,6;26,02;3,842;
2024-01-24T17:23:20;67570;26,49;26,54;2,822;25,6;26,02;3,844;
2024-01-24T17:23:20;67540;26,48;26,54;2,667;25,6;26,02;3,846;
2024-01-24T17:23:21;67560;26,49;26,54;2,488;25,6;26,02;3,844;
2024-01-24T17:23:22;67540;26,51;26,56;2,333;25,6;26,02;3,844;
2024-01-24T17:23:23;67570;26,51;26,56;2,114;25,6;26,02;3,844;
2024-01-24T17:23:23;67570;26,49;26,54;1,984;25,6;26,02;3,844;
2024-01-24T17:23:24;67540;26,51;26,56;1,855;25,6;26,02;3,846;
2024-01-24T17:23:25;67590;26,49;26,54;1,828;25,6;26,02;3,846;
2024-01-24T17:23:26;67570;26,49;26,54;1,841;25,6;26,02;3,844;
2024-01-24T17:23:26;67590;26,52;26,57;1,889;25,6;26,02;3,844;
2024-01-24T17:23:27;67610;26,51;26,56;2,035;25,6;26,02;3,84;
2024-01-24T17:23:28;67590;26,5;26,55;1,925;25,6;26,02;3,842;
2024-01-24T17:23:28;67570;26,49;26,54;1,869;25,6;26,02;3,844;
2024-01-24T17:23:29;67590;26,5;26,55;1,818;25,6;26,02;3,846;
2024-01-24T17:23:30;67620;26,5;26,55;1,775;25,6;26,02;3,844;
2024-01-24T17:23:31;67580;26,5;26,55;1,603;25,6;26,02;3,836;
2024-01-24T17:23:31;67600;26,51;26,56;1,418;25,6;26,02;3,846;
2024-01-24T17:23:32;67600;26,5;26,55;1,372;25,6;26,02;3,844;
2024-01-24T17:23:33;67600;26,49;26,54;1,165;25,6;26,02;3,844;
2024-01-24T17:23:34;67570;26,5;26,55;0,925;25,6;26,02;3,842;Fin du profil
2024-01-24T17:23:34;67570;26,51;26,56;0,743;25,6;26,02;3,842;
2024-01-24T17:23:35;67620;26,49;26,54;0,889;25,6;26,02;3,842;
2024-01-24T17:23:36;67620;26,49;26,54;0,952;25,6;26,02;3,846;
2024-01-24T17:23:37;67570;26,5;26,55;0,895;25,6;26,02;3,842;
2024-01-24T17:23:37;67620;26,49;26,54;0,766;25,6;26,02;3,846;
2024-01-24T17:23:38;67600;26,49;26,54;0,589;25,6;26,02;3,84;
2024-01-24T17:23:39;67570;26,5;26,55;0,806;25,6;26,02;3,84;
2024-01-24T17:23:40;67590;26,5;26,55;0,951;25,6;26,02;3,844;
2024-01-24T17:23:40;67620;26,49;26,54;0,986;25,6;26,02;3,842;
2024-01-24T17:23:41;67590;26,47;26,53;0,998;25,7;26,12;3,842;
2024-01-24T17:23:42;67590;26,5;26,55;0,785;25,6;26,02;3,84;
2024-01-24T17:23:42;67600;26,49;26,54;0,452;25,6;26,02;3,844;
2024-01-24T17:23:43;67580;26,49;26,54;0,398;25,6;26,02;3,844;
2024-01-24T17:23:44;67610;26,48;26,54;0,614;25,6;26,02;3,844;
2024-01-24T17:23:45;67620;26,51;26,56;0,726;25,7;26,12;3,84;
2024-01-24T17:23:45;67600;26,49;26,54;0,618;25,6;26,02;3,84;
2024-01-24T17:23:46;67570;26,49;26,54;0,516;25,6;26,02;3,842;
2024-01-24T17:23:47;67590;26,49;26,54;0,369;25,6;26,02;3,84;
2024-01-24T17:23:48;67600;26,49;26,54;0,574;25,6;26,02;3,842;
2024-01-24T17:23:48;67640;26,49;26,54;0,682;25,6;26,02;3,838;
2024-01-24T17:23:49;67600;26,49;26,54;0,913;25,7;26,12;3,84;
2024-01-24T17:23:50;67600;26,51;26,56;0,874;25,6;26,02;3,842;
2024-01-24T17:23:51;67570;26,49;26,54;0,646;25,6;26,02;3,84;
2024-01-24T17:23:51;67590;26,5;26,55;0,324;25,6;26,02;3,842;
2024-01-24T17:23:52;67590;26,5;26,55;0,133;25,6;26,02;3,838;
2024-01-24T17:23:53;67600;26,51;26,56;0,126;25,6;26,02;3,842;
2024-01-24T17:23:53;67550;26,52;26,57;0,195;25,6;26,02;3,84;
2024-01-24T17:23:54;67620;26,51;26,56;0,316;25,6;26,02;3,838;
2024-01-24T17:23:55;67590;26,49;26,54;0,394;25,6;26,02;3,84;
2024-01-24T17:23:56;62520;26,49;26,54;0,002;25,6;26,02;3,942;
2024-01-24T17:23:56;62660;26,43;26,49;0,013;25,6;26,02;3,978;
2024-01-24T17:23:57;61680;26,37;26,43;0,012;25,6;26,02;3,976;
2024-01-24T17:23:58;67090;26,43;26,49;0,038;25,6;26,02;3,972;
2024-01-24T17:23:59;38090;26,46;26,52;0,026;25,6;26,02;3,98;
2024-01-24T17:23:59;38060;26,43;26,49;0,022;25,6;26,02;3,98;
2024-01-24T17:24:00;35410;26,29;26,35;0,027;25,6;26,02;3,98;
2024-01-24T17:24:01;39110;26,19;26,25;0,027;25,6;26,02;3,974;
2024-01-24T17:24:02;39430;26,12;26,18;0,028;25,6;26,02;3,976;
2024-01-24T17:24:02;37840;26;26,06;0,027;25,6;26,02;3,964;
2024-01-24T17:24:03;37360;25,91;25,97;0,024;25,6;26,02;3,964;
2024-01-24T17:24:04;37870;25,83;25,89;0,024;25,6;26,02;3,954;
2024-01-24T17:24:05;37390;25,68;25,74;0,025;25,6;26,02;3,954;
2024-01-24T17:24:05;40180;25,63;25,69;0,028;25,6;26,02;3,952;
2024-01-24T17:24:06;61320;25,55;25,61;0,03;25,6;26,02;3,958;
2024-01-24T17:24:07;60920;25,53;25,59;0,026;25,6;26,02;3,956;
2024-01-24T17:24:07;61850;25,46;25,52;0,02;25,6;26,02;3,956;
2024-01-24T17:24:08;62300;25,43;25,49;0,027;25,6;26,02;3,948;
2024-01-24T17:24:09;48410;25,4;25,46;0,025;25,6;26,02;3,934;
2024-01-24T17:24:10;47030;25,35;25,41;0,028;25,6;26,02;3,944;
2024-01-24T17:24:10;48320;25,31;25,37;0,021;25,6;26,02;3,948;
2024-01-24T17:24:11;48380;25,25;25,32;0,025;25,5;25,92;3,946;
2024-01-24T17:24:12;48180;25,18;25,25;0,022;25,5;25,92;3,946;
2024-01-24T17:24:13;48110;25,08;25,15;0,026;25,5;25,92;3,948;
2024-01-24T17:24:13;48030;25,05;25,12;0,024;25,5;25,92;3,944;
2024-01-24T17:24:14;48150;25,01;25,08;0,03;25,5;25,92;3,946;
2024-01-24T17:24:15;48630;24,99;25,06;0,024;25,5;25,92;3,948;
2024-01-24T17:24:16;47880;24,96;25,03;0,027;25,5;25,92;3,948;
2024-01-24T17:24:16;47190;24,95;25,02;0,024;25,5;25,92;3,934;
2024-01-24T17:24:17;47670;24,92;24,99;0,027;25,5;25,92;3,936;
2024-01-24T17:24:18;47700;24,93;25;0,024;25,5;25,92;3,934;
2024-01-24T17:24:18;47910;24,92;24,99;0,027;25,5;25,92;3,936;
2024-01-24T17:24:19;48340;24,91;24,98;0,023;25,5;25,92;3,94;
2024-01-24T17:24:20;48420;24,89;24,96;0,023;25,5;25,92;3,938;
2024-01-24T17:24:21;48350;24,85;24,92;0,022;25,5;25,92;3,938;
2024-01-24T17:24:21;48370;24,88;24,95;0,024;25,5;25,92;3,938;
2024-01-24T17:24:22;48490;24,88;24,95;0,026;25,5;25,92;3,94;
2024-01-24T17:24:23;48650;24,87;24,94;0,033;25,5;25,92;3,944;
2024-01-24T17:24:24;48520;24,86;24,93;0,023;25,5;25,92;3,948;
